country_id,google_maps_url,openstreetmaps_url
4,https://goo.gl/maps/KgUmpZdUuNRaougs8,https://www.openstreetmap.org/relation/192757
5,https://goo.gl/maps/JqAnacWE2qEznKgw7,https://www.openstreetmap.org/relation/9407
6,https://goo.gl/maps/PCpVt9WzdJ9A9nEZ9,https://www.openstreetmap.org/relation/49915
7,https://goo.gl/maps/TbX8hUW4gcbRPZiK7,https://www.openstreetmap.org/relation/108089
8,https://goo.gl/maps/sygfDbtwn389wu8x5,https://www.openstreetmap.org/relation/4422604
9,https://goo.gl/maps/e8M246zY4BSjkjAv6,https://www.openstreetmap.org/relation/148838#map=2/20.6/-85.8
10,https://goo.gl/maps/mJzdaBwKBbm2B81q9,https://www.openstreetmap.org/relation/1983629
11,https://goo.gl/maps/6UY1AH8XeafVwdC97,https://www.openstreetmap.org/relation/1473946
12,https://goo.gl/maps/FoDtc3UKMkFsXAjHA,https://www.openstreetmap.org/relation/62149
13,https://goo.gl/maps/49C9cSesNVAR9DQk8,https://www.openstreetmap.org/relation/285454
14,https://goo.gl/maps/4jrZyJkDERUfHyp26,https://www.openstreetmap.org/relation/50371
15,https://goo.gl/maps/gY9Xw4Sf4415P4949,https://www.openstreetmap.org/relation/49715
16,https://goo.gl/maps/R8VUDQfwZiFtvmyn8,https://www.openstreetmap.org/relation/547479
17,https://goo.gl/maps/BXBGw7yUUFknCfva9,https://www.openstreetmap.org/relation/303427
18,https://goo.gl/maps/Dy9R2EufJtoWm8UN9,https://www.openstreetmap.org/relation/7109289
19,https://goo.gl/maps/Ni9M7wcCxf8bJHLX8,https://www.openstreetmap.org/relation/192798
20,https://goo.gl/maps/Re9ePMjwP1sFCBFA6,https://www.openstreetmap.org/relation/2177187
21,https://goo.gl/maps/q42Qbf1BmQL3fuZg9,https://www.openstreetmap.org/relation/195267
22,https://goo.gl/maps/VEfXXBftTFLUpNgp8,https://www.openstreetmap.org/relation/184629
23,https://goo.gl/maps/skXCqguxDxxEKVk47,https://www.openstreetmap.org/relation/365307
24,https://goo.gl/maps/rXG8GZZtsqK92kTCA,https://www.openstreetmap.org/relation/367988
25,https://goo.gl/maps/4F4PpDhGJgVvLby57,https://www.openstreetmap.org/relation/60189#map=3/65.15/105.29
26,https://goo.gl/maps/UMj2zpbQp7B5c3yT7,https://www.openstreetmap.org/relation/184633
27,https://goo.gl/maps/5Wyaz17miUc1zLc67,https://www.openstreetmap.org/relation/192776
28,https://goo.gl/maps/iL8Bmy1sUCW9fUk18,https://www.openstreetmap.org/relation/304934
29,https://goo.gl/maps/bNW7YUJCaqR8zcXn7,https://www.openstreetmap.org/relation/192789
30,https://goo.gl/maps/xgg6BQTRyeQg4e1m6,https://www.openstreetmap.org/relation/3412620
31,https://goo.gl/maps/V1HWfzN3bS1kwf4C6,https://www.openstreetmap.org/relation/192801
32,https://goo.gl/maps/xCLcY9fzU6x4Pueu5,https://www.openstreetmap.org/relation/195273
33,https://goo.gl/maps/mBfreywj8dor6q4m9,openstreetmap.org/relation/286898
34,https://goo.gl/maps/8hopbQqifHAgyZyg8,https://www.openstreetmap.org/relation/1231749
35,https://goo.gl/maps/iv4VxnPzHkjLCJuc6,https://www.openstreetmap.org/relation/4868269#map=13/-15.9657/-5.7120
36,https://goo.gl/maps/CLCZ1R8Uz1KpYhRv6,https://www.openstreetmap.org/relation/87565
37,https://goo.gl/maps/KNuHeiJzAPodwM7y6,https://www.openstreetmap.org/relation/1155955
38,https://goo.gl/maps/9EUppm13RtPX9oF46,https://www.openstreetmap.org/relation/535880
39,https://goo.gl/maps/RXPWoRrB9tfrJpUG7,https://www.openstreetmap.org/relation/195269
40,https://goo.gl/maps/j5xb5r7CLqjYbyP86,https://www.openstreetmap.org/relation/171496
41,https://goo.gl/maps/UQQzat85TCtPRXAL8,https://www.openstreetmap.org/relation/52411
42,https://goo.gl/maps/Xfnq2i279b18cH3C9,https://www.openstreetmap.org/relation/306001
43,https://goo.gl/maps/ko1dzSDKg8Gsi9A98,https://www.openstreetmap.org/relation/184818
44,https://goo.gl/maps/cpZ67knoRAcfu1417,https://www.openstreetmap.org/relation/306004
45,https://goo.gl/maps/ucWfFd8aW1FbGMva9,https://www.openstreetmap.org/relation/192791
46,https://goo.gl/maps/A4xLi1XvcX88gi3W8,https://www.openstreetmap.org/relation/571771
47,https://goo.gl/maps/xFgdzs3E55Rk1y8P9,https://www.openstreetmap.org/relation/1558556
48,https://goo.gl/maps/138JaXW8EZzRVitY9,https://www.openstreetmap.org/relation/1311341
49,https://goo.gl/maps/SKG8BSMMQVvxkRkB7,https://www.openstreetmap.org/relation/178009
50,https://goo.gl/maps/7WRQAEKZb4uK36yi9,https://www.openstreetmap.org/way/174996681
51,https://goo.gl/maps/im2MmQ5jFjzxWBks5,https://www.openstreetmap.org/relation/192763
52,https://goo.gl/maps/CFC9fEFP9cfkYUBF9,https://www.openstreetmap.org/relation/1872673
53,https://goo.gl/maps/mc6z83pW9m98X2Ef6,https://www.openstreetmap.org/relation/195290
54,https://goo.gl/maps/sEN7sKqeawa5oPNLA,https://www.openstreetmap.org/relation/287668
55,https://goo.gl/maps/qeU6uqsfW4nCCwzw9,https://www.openstreetmap.org/relation/2067731
56,https://goo.gl/maps/dXFFraiUDfcB6Quk6,https://www.openstreetmap.org/relation/174737
57,https://goo.gl/maps/k8T2fb5VMUfsWFX6A,https://www.openstreetmap.org/relation/443174
58,https://goo.gl/maps/XGJMnMAigXjXcxSa7,https://www.openstreetmap.org/relation/2185375
59,https://goo.gl/maps/7zgFmswcCJh5L5D49,https://www.openstreetmap.org/relation/218657
60,https://goo.gl/maps/AZZTDA6GzVAnKMVd8,https://www.openstreetmap.org/relation/307763
61,https://goo.gl/maps/bvCaGBePR1ZEDK5cA,https://www.openstreetmap.org/relation/28699
62,https://goo.gl/maps/LHGcAvuRyD2iKECC6,https://www.openstreetmap.org/relation/192307
63,https://goo.gl/maps/azWUtK9bUQYEyccbA,https://www.openstreetmap.org/relation/364066
64,https://goo.gl/maps/3eCdKVpVfMcZyKcK6,https://www.openstreetmap.org/relation/82636
65,https://goo.gl/maps/RFiwytjvNrpfKN7k6,https://www.openstreetmap.org/relation/287667
66,https://goo.gl/maps/NBfYvrndW4skAimw9,https://www.openstreetmap.org/relation/571178
67,https://goo.gl/maps/NWYMqZYXte4zGZ2Q8,https://www.openstreetmap.org/relation/195270
68,https://goo.gl/maps/Zm1AYCXb9HSNF1P27,https://www.openstreetmap.org/relation/1656678
69,https://goo.gl/maps/dMgEGuacBPGYQnjY7,https://www.openstreetmap.org/relation/304938
70,https://goo.gl/maps/LLcnofC5LxZsJXTo8,https://www.openstreetmap.org/relation/571802
71,https://goo.gl/maps/L2wyyn3cQ16PzQ5J8,https://www.openstreetmap.org/relation/1337397
72,https://goo.gl/maps/A1X7bMCKThBDNjzH6,https://www.openstreetmap.org/relation/161033
73,https://goo.gl/maps/JjmyUuULujnDeFPf7,https://www.openstreetmap.org/relation/58974
74,https://goo.gl/maps/xXiDQo65dwdpw9iu8,https://www.openstreetmap.org/relation/556706#map=5/-46.710/172.046
75,https://goo.gl/maps/cUY79eqQihFSE8hV6,https://www.openstreetmap.org/relation/88210
76,https://goo.gl/maps/8of8q7D1a8p7R6Fc9,https://www.openstreetmap.org/relation/192799
77,https://goo.gl/maps/4HhJ2jkPdSL9BPRcA,https://www.openstreetmap.org/relation/550728
78,https://goo.gl/maps/DFsme2xEeugUAsCx5,https://www.openstreetmap.org/relation/287083
79,https://goo.gl/maps/4DqVHDgVaFgnh8ZV8,https://www.openstreetmap.org/relation/62269
80,https://goo.gl/maps/6sTru4SmHdEVcNkM6,https://www.openstreetmap.org/relation/52939
81,https://goo.gl/maps/Mc7GqH466S7AAk297,https://www.openstreetmap.org/relation/7552779
82,https://goo.gl/maps/CzVqK74QYtbHv65r5,https://www.openstreetmap.org/relation/3412448
83,https://goo.gl/maps/WSk3fLwG4vtPQetp7,https://www.openstreetmap.org/relation/304716
84,https://goo.gl/maps/VKNU2TLsZcgxM49c8,https://www.openstreetmap.org/relation/192786
85,https://goo.gl/maps/DjvcESy1a1oGEZuNA,https://www.openstreetmap.org/relation/1231790
86,https://goo.gl/maps/KfhNVn6VqdZXWu8n9,https://www.openstreetmap.org/relation/192795
87,https://goo.gl/maps/Phf5dDDKdfCtuBTb6,https://www.openstreetmap.org/relation/192794
88,https://goo.gl/maps/7ecjaJXefjAQhxjGA,https://www.openstreetmap.org/relation/307756
89,https://goo.gl/maps/wKsmN7f5qAeNtGjP6,https://www.openstreetmap.org/relation/192779
90,https://goo.gl/maps/MNAWGq9vEdbZ9vUV7,https://www.openstreetmap.org/relation/536773
91,https://goo.gl/maps/2Aqof7aV2Naq8YEK8,https://www.openstreetmap.org/relation/1741311
92,https://goo.gl/maps/u9mYJkCB19wyuzh27,https://www.openstreetmap.org/relation/192785
93,https://goo.gl/maps/RsAyAfyaiNVb8DpW8,https://www.openstreetmap.org/relation/192756
94,https://goo.gl/maps/F3asVB7sRKgSnwbE7,https://www.openstreetmap.org/relation/49903
95,https://goo.gl/maps/JqiipHgFboG3rBJh9,https://www.openstreetmap.org/relation/192830
96,https://goo.gl/maps/HjgWDCNKRAYHrkMn8,openstreetmap.org/relation/54224
97,https://goo.gl/maps/M26BqdwQctqxXS65A,https://www.openstreetmap.org/relation/195272
98,https://goo.gl/maps/CSbe7UmxPmiwQB7GA,https://www.openstreetmap.org/relation/537257
99,https://goo.gl/maps/9DfnyfbxNM2g5U9b9,https://www.openstreetmap.org/relation/252645
100,https://goo.gl/maps/H8gJi5mL4Cmd1SF28,https://www.openstreetmap.org/relation/2093234
101,https://goo.gl/maps/9gfPupm5bffixiFJ6,https://www.openstreetmap.org/relation/21335
102,https://goo.gl/maps/cgfUcaQHSWKuqeKk9,https://www.openstreetmap.org/relation/223026
103,https://goo.gl/maps/htWRrphA7vNgQNdSA,https://www.openstreetmap.org/relation/2978650
104,https://goo.gl/maps/uDWEUaXNcZTng1fP6,https://www.openstreetmap.org/relation/288247
105,https://goo.gl/maps/1dDw1QfZspfMUTm99,https://www.openstreetmap.org/relation/307833
106,https://goo.gl/maps/dd1s9rrLjrK2G8yY6,https://www.openstreetmap.org/relation/72596
107,https://goo.gl/maps/qiaVwcLVTXX3eoTNA,https://www.openstreetmap.org/relation/536899
108,https://goo.gl/maps/6kXnQU5QvEZMD9VB7,https://www.openstreetmap.org/relation/270009
109,https://goo.gl/maps/PpKtZ4W3tir5iGrz7,https://www.openstreetmap.org/relation/535828
110,https://goo.gl/maps/5PSjvdJ1AyaLFRrG9,https://www.openstreetmap.org/relation/307584
111,https://goo.gl/maps/9D3hTeA3qKaRT7S16,https://www.openstreetmap.org/relation/1216719
112,https://goo.gl/maps/uMw1BsHEXQYgVFFu6,https://www.openstreetmap.org/relation/192784
113,https://goo.gl/maps/uNSH2wW4bLoZVYJj7,https://www.openstreetmap.org/relation/14296
114,https://goo.gl/maps/bheNucgekVEYozoi6,https://www.openstreetmap.org/relation/1993867
115,https://goo.gl/maps/LbuUxtkgm1dfN1Pn6,https://www.openstreetmap.org/relation/2177266
116,https://goo.gl/maps/j3289UPEQXt1ceSy8,https://www.openstreetmap.org/relation/2184073
117,https://goo.gl/maps/Kc9vy5ChjuiAgMfXA,https://www.openstreetmap.org/relation/535774
118,https://goo.gl/maps/AJpo6MjMx23qSWCz8,https://www.openstreetmap.org/relation/196240
119,https://goo.gl/maps/iqygE491ADVgnBW39,https://www.openstreetmap.org/relation/52822
120,https://goo.gl/maps/op6gmLbHcvv6rLhH6,https://www.openstreetmap.org/relation/184640
121,https://goo.gl/maps/HgMKFQjNadF3Wa6B6,https://www.openstreetmap.org/relation/449220
122,https://goo.gl/maps/8M1K27TDj7StTRTq8,https://www.openstreetmap.org/relation/365331
123,https://goo.gl/maps/ziUdAZ8skuNfx5Hx7,https://www.openstreetmap.org/relation/2361304
124,https://goo.gl/maps/Xe3VnFbwdb4nv2SM9,https://www.openstreetmap.org/relation/184840
125,https://goo.gl/maps/XboxyNHh2fAjCPNn9,https://www.openstreetmap.org/relation/167454
126,https://goo.gl/maps/o5f1uD5nyihCL3HCA,https://www.openstreetmap.org/relation/192775
127,https://goo.gl/maps/rKRmpcMbFher2ozb7,https://www.openstreetmap.org/relation/192783
128,https://goo.gl/maps/845hAgCf1mDkN3vr7,https://www.openstreetmap.org/relation/90689
129,https://goo.gl/maps/waCKk21HeeqFzkNC9,https://www.openstreetmap.org/relation/59470
130,https://goo.gl/maps/1e7MXmfBwQv3TQGF7,https://www.openstreetmap.org/relation/1259885
131,https://goo.gl/maps/HSKdHYpFC8oHHuyV7,https://www.openstreetmap.org/relation/307823
132,https://goo.gl/maps/6SsynwGUodL1sDvq8,https://www.openstreetmap.org/relation/79510
133,https://goo.gl/maps/jzAa9feXuXPrKVb89,https://www.openstreetmap.org/relation/192782
134,https://goo.gl/maps/nztQtFSrUXZymJaW8,https://www.openstreetmap.org/relation/49898
135,https://goo.gl/maps/soxooTHxEeiAbn3UA,https://www.openstreetmap.org/relation/307828
136,https://goo.gl/maps/pbvtm6XYd1iZbjky5,https://www.openstreetmap.org/relation/2574988
137,https://goo.gl/maps/jmEVLugreeqiZXxbA,https://www.openstreetmap.org/relation/1428125
138,https://goo.gl/maps/6ua6CX1m4w1xF2Em7,https://www.openstreetmap.org/relation/2186658
139,https://goo.gl/maps/JtnqG73WJn1Gx6mz6,https://www.openstreetmap.org/relation/287077
140,https://goo.gl/maps/8VohJGu7ShuzZYyeA,https://www.openstreetmap.org/relation/214665
141,https://goo.gl/maps/9gfPupm5bffixiFJ6,https://www.openstreetmap.org/relation/21335
142,https://goo.gl/maps/L6b2AgndgHprt2Ko9,https://www.openstreetmap.org/relation/2171347#map=10/49.8167/6.1335
143,https://goo.gl/maps/7nU3mB69vP6zQp7A8,https://www.openstreetmap.org/relation/5441968
144,https://goo.gl/maps/eas4GP28C1GyStnu6,https://www.openstreetmap.org/relation/535790
145,https://goo.gl/maps/fnye4wGJ1RzC9jpX9,https://www.openstreetmap.org/relation/536900
146,https://goo.gl/maps/F5uAhDGWzc3BrHfm9,https://www.openstreetmap.org/relation/186382
147,https://goo.gl/maps/TZH1x7AGanQKifNk7,https://www.openstreetmap.org/relation/2185374
148,https://goo.gl/maps/BbeJK8Sk2VkMHbdF8,https://www.openstreetmap.org/relation/287670
149,https://goo.gl/maps/tiQ9Baekb1jQtDSD9,https://www.openstreetmap.org/relation/287072
150,https://goo.gl/maps/bUM8Yc8pA8ghyhmt6,https://www.openstreetmap.org/relation/3406826
151,https://goo.gl/maps/2Q4hQWCbhuZLj3fG6,https://www.openstreetmap.org/relation/192800
152,https://goo.gl/maps/8rQgW88jEXijhVb58,https://www.openstreetmap.org/relation/214626
153,https://goo.gl/maps/Ap5qN8qien6pT9UN6,https://www.openstreetmap.org/relation/2186600
154,https://goo.gl/maps/E364KeLy6N4JwxwQ8,https://www.openstreetmap.org/relation/1889339
155,https://goo.gl/maps/BzN9cTuj68ZA8SyZ8,https://www.openstreetmap.org/relation/53292
156,https://goo.gl/maps/LTn417qWwBPFszuV9,https://www.openstreetmap.org/relation/192787
157,https://goo.gl/maps/bbGBCxxtfD2A9Z4m6,https://www.openstreetmap.org/relation/192774
158,https://goo.gl/maps/77hPBRdLid8yD5Bm7,https://www.openstreetmap.org/relation/307787
159,https://goo.gl/maps/4XVes1P6uEDTz77WA,https://www.openstreetmap.org/relation/1216720
160,https://goo.gl/maps/hwAjehcT7VfvP5zJ8,https://www.openstreetmap.org/relation/2177246
161,https://goo.gl/maps/BaTBSyc4GWMmbAKB8,https://www.openstreetmap.org/relation/295480
162,https://goo.gl/maps/p9qC6vgiFRRXzvGi7,https://www.openstreetmap.org/relation/270056
163,https://goo.gl/maps/QbQt9Y9b5KFzsahV6,https://www.openstreetmap.org/relation/536780
164,https://goo.gl/maps/UddGPN7hAyrtpFiT6,https://www.openstreetmap.org/relation/50046
165,https://goo.gl/maps/Avy5RSmdsXFBaiXq8,https://www.openstreetmap.org/relation/192781
166,https://goo.gl/maps/wMbnMqjG37FMnrwf7,https://www.openstreetmap.org/relation/550725
167,https://goo.gl/maps/P9ho9QuJ9EAR28JEA,https://www.openstreetmap.org/relation/63064
168,https://goo.gl/maps/4VsHsc2oeGeRL3wg6,https://www.openstreetmap.org/relation/192780
169,https://goo.gl/maps/1sEnNmT47ffrC8MU8,https://www.openstreetmap.org/relation/913110
170,https://goo.gl/maps/JoRAbem4Hxb9FYbVA,https://www.openstreetmap.org/relation/1521463
171,https://goo.gl/maps/jhacar85oq9QaeKB7,https://www.openstreetmap.org/relation/192777
172,https://goo.gl/maps/DGpndDot28bYdXYn7,https://www.openstreetmap.org/relation/1124039
173,https://goo.gl/maps/Sz5VCU8UFBqMyTdc9,https://www.openstreetmap.org/relation/184843
174,https://goo.gl/maps/aqCcy2TKh5TV5MAX8,https://www.openstreetmap.org/relation/536765
175,https://goo.gl/maps/mweBcqvW8TppZW6q9,https://www.openstreetmap.org/relation/195271
176,https://goo.gl/maps/KLCwDN8sec7z2kse9,https://www.openstreetmap.org/relation/272644
177,https://goo.gl/maps/iy7TuQLSi4qgoBoG7,https://www.openstreetmap.org/relation/287082
178,https://goo.gl/maps/wWpBrXsp8UHVbah29,https://www.openstreetmap.org/relation/1785276
179,https://goo.gl/maps/DvgJMiPJ7aozKFZv7,https://www.openstreetmap.org/relation/60199
180,https://goo.gl/maps/iQpUkH7ghq31ZtXe9,https://www.openstreetmap.org/relation/72594
181,https://goo.gl/maps/mD9FBMq1nvXUBrkv6,https://www.openstreetmap.org/relation/51477
182,https://goo.gl/maps/HRyqUpnPwwG6jY5j6,https://www.openstreetmap.org/relation/296961
183,https://goo.gl/maps/qSG6xTKUmrYpwmGQ6,https://www.openstreetmap.org/relation/214885
184,https://goo.gl/maps/ChGmzZBjZ3vnBwR2A,https://goo.gl/maps/ChGmzZBjZ3vnBwR2A
185,https://goo.gl/maps/MVasQBbUkQP7qQDR9,https://www.openstreetmap.org/relation/571805
186,https://www.google.com/maps/place/Bosnia+and+Herzegovina,https://www.openstreetmap.org/relation/2528142
187,https://goo.gl/maps/4THX1fM7WqANuPbB8,https://www.openstreetmap.org/relation/53296
188,https://goo.gl/maps/eLgGnaQWcJEdYRMy5,openstreetmap.org/relation/192758
189,https://goo.gl/maps/ZV76Y49z7LLUZ2KQ6,https://www.openstreetmap.org/relation/305095
190,https://goo.gl/maps/5LYujdfR5yLUXoERA,https://www.openstreetmap.org/relation/307573
191,https://goo.gl/maps/9q5T2DMeH5JL7Tky6,https://www.openstreetmap.org/relation/192734
192,https://goo.gl/maps/rxCVJjm8dVY93RPY8,https://www.openstreetmap.org/relation/54624
193,https://goo.gl/maps/8J5oM5sA4Ayr1ZYGA,https://www.openstreetmap.org/relation/192778
194,https://goo.gl/maps/3KgLnEyN7amdno2p9,https://www.openstreetmap.org/relation/2177161
195,https://goo.gl/maps/4jb4CqBXhr8vNh579,https://www.openstreetmap.org/relation/2103120
196,https://goo.gl/maps/AHQh2ABBaFW6Ngj26,https://www.openstreetmap.org/relation/447325
197,https://goo.gl/maps/az3Zz7ar2aoB9AUc6,https://www.openstreetmap.org/relation/364110
198,https://goo.gl/maps/QvTbkRdmdWEoYAmt5,https://www.openstreetmap.org/relation/1703814
199,https://goo.gl/maps/51V8dsi2rGYC9n3c9,https://www.openstreetmap.org/relation/192790
200,https://goo.gl/maps/rqWyfUAt4xhvk1Zy9,https://www.openstreetmap.org/relation/550727
201,https://goo.gl/maps/5Zue99Zc6vFBHxzJ7,https://www.openstreetmap.org/relation/378734
202,https://goo.gl/maps/pCWpWQhznHyRzQcu9,https://www.openstreetmap.org/relation/16239
203,https://goo.gl/maps/g7QxxSFsWyTPKuzd7,https://www.openstreetmap.org/relation/1403916
204,https://goo.gl/maps/CEoHAs1t6byCBhHFA,https://www.openstreetmap.org/relation/1278736
205,https://goo.gl/maps/cZnCEi5sEMQtKKcB7,https://www.openstreetmap.org/relation/1520612
206,https://goo.gl/maps/55Q8MEnF6ACdu3q79,https://www.openstreetmap.org/relation/53293
207,https://goo.gl/maps/NJawFwMzG7YtCrVP7,https://www.openstreetmap.org/relation/2502058
208,https://goo.gl/maps/oR1i8BFEYX3EY83WA,https://www.openstreetmap.org/relation/195266
209,https://goo.gl/maps/DcjaDa7UbhnZTndH6,https://www.openstreetmap.org/relation/80500
210,https://goo.gl/maps/6oMv3dyBZg3iaXQ5A,https://www.openstreetmap.org/relation/3630439
211,https://goo.gl/maps/hxd1BKxgpchStzQC6,https://www.openstreetmap.org/relation/62273
212,https://goo.gl/maps/NLsRGNjTzDghTtAJA,https://www.openstreetmap.org/relation/1993208
213,https://goo.gl/maps/P77LaEVkKJKXneRC6,https://www.openstreetmap.org/relation/287666
214,https://goo.gl/maps/ewFb3vYsfUmVCoSb8,https://www.openstreetmap.org/relation/1650407
215,https://goo.gl/maps/1YzRs1BZrG8p8pmVA,https://www.openstreetmap.org/relation/547469
216,https://goo.gl/maps/L2BoXoAwDDwWecnw5,https://www.openstreetmap.org/relation/305138
217,https://goo.gl/maps/uVuZcXaxSx5jLyEC9,https://www.openstreetmap.org/relation/51701
218,https://goo.gl/maps/47dmgeXMZyhDHyQW8,https://www.openstreetmap.org/relation/51684
219,https://goo.gl/maps/WxFWSQuc3oamNxoE6,https://www.openstreetmap.org/relation/299133
220,https://goo.gl/maps/NGTLSCSrA8bMrvnX9,https://www.openstreetmap.org/relation/382313
221,https://goo.gl/maps/Hv6zQswGhFxoVVBm6,https://www.openstreetmap.org/relation/47796
222,https://goo.gl/maps/jdCccpdLodm1uTmo9,https://www.openstreetmap.org/relation/287827
223,https://goo.gl/maps/2m36v8STvbGAWd9c7,https://www.openstreetmap.org/relation/547511
224,https://goo.gl/maps/PJUDU3EBPSszCQcu6,https://www.openstreetmap.org/relation/59065
225,https://goo.gl/maps/sFqBC9zjgUXPR1iTA,https://www.openstreetmap.org/relation/305142
226,https://goo.gl/maps/Y7812hFiGa8LD9N68,https://www.openstreetmap.org/relation/192796
227,https://goo.gl/maps/WCmE76HKcLideQQw7,https://www.openstreetmap.org/relation/305092
228,https://goo.gl/maps/87ER7sDAFU7JjcvR6,https://www.openstreetmap.org/relation/2473088
229,https://goo.gl/maps/9o13xtjuUdqFnHbn9,https://www.openstreetmap.org/relation/307829
230,https://goo.gl/maps/Z9DXNxhf2o93kvyc6,https://www.openstreetmap.org/relation/286393
231,https://goo.gl/maps/uoDRhXbsqjG6L7VG7,https://www.openstreetmap.org/relation/1473947
232,https://goo.gl/maps/aqr3aNQjS1BAvksJ7,https://www.openstreetmap.org/relation/305099
233,https://goo.gl/maps/P3ZVXX3LH63t91hL8,https://www.openstreetmap.org/relation/7269765
234,https://goo.gl/maps/nrGZrvWRGB4WHgDC9,https://www.openstreetmap.org/relation/2184233
235,https://goo.gl/maps/kyBuJriu4itiXank7,https://www.openstreetmap.org/node/36966060
236,https://goo.gl/maps/vyRSkqw1H1fnq4ry6,https://www.openstreetmap.org/relation/192793
237,https://goo.gl/maps/VkPHoeFSfgzRQCDv8,https://www.openstreetmap.org/relation/536807
238,https://goo.gl/maps/NrRfDEWoG8FGZqWY7,https://www.openstreetmap.org/relation/555717
239,https://goo.gl/maps/zix9qNFX69E9yZ2M6,https://www.openstreetmap.org/relation/120027
240,https://goo.gl/maps/DTKvw5Bd1QZaDZmE8,https://www.openstreetmap.org/relation/36989
241,https://goo.gl/maps/ZC17hHsQZpShN5wk9,https://www.openstreetmap.org/relation/6365444
242,https://goo.gl/maps/k5FBAiVaVyozuYeA7,https://www.openstreetmap.org/relation/2177227
243,https://goo.gl/maps/whymRdk3dZFfAAs4A,https://www.openstreetmap.org/relation/1867188
244,https://goo.gl/maps/s5g7imNPMDEePxzbA,https://www.openstreetmap.org/relation/114686
245,https://goo.gl/maps/cBhtCeMdob4U7FRU9,https://www.openstreetmap.org/relation/3407643
246,https://goo.gl/maps/JbPkx86Ywjv8C1n8A,https://www.openstreetmap.org/relation/1857436
247,https://goo.gl/maps/CSC4Yc8SWPgburuD9,https://www.openstreetmap.org/relation/2088990
248,https://goo.gl/maps/kyAGw6XEJgjSMsTK7,https://www.openstreetmap.org/relation/571804
249,https://goo.gl/maps/p5YALBY2QdEzswRo7,https://www.openstreetmap.org/relation/2186665
250,https://goo.gl/maps/qrY1PNeUXGyXDcPy6,https://www.openstreetmap.org/relation/2108121
251,https://goo.gl/maps/r9fhDqoLZdg1zmE99,https://www.openstreetmap.org/relation/571747
252,https://goo.gl/maps/Z8mQ6jxnRQKFwJy9A,https://www.openstreetmap.org/relation/555017
253,https://goo.gl/maps/hZKnrzgeK69dDyPF8,https://www.openstreetmap.org/relation/6430384