country_id,timezone
4,UTC+01:00
5,UTC+01:00
6,UTC+07:00
7,UTC-05:00
7,UTC-06:00
8,UTC-04:00
9,UTC-04:00
9,UTC-05:00
9,UTC-06:00
9,UTC-07:00
9,UTC-08:00
9,UTC-09:00
9,UTC-10:00
9,UTC-11:00
9,UTC-12:00
9,UTC+10:00
9,UTC+12:00
10,UTC-02:00
11,UTC+02:00
12,UTC
12,UTC-02:00
12,UTC-03:00
12,UTC-04:00
12,UTC-05:00
12,UTC-08:00
12,UTC+01:00
12,UTC+02:00
12,UTC+06:00
13,UTC-04:00
14,UTC+06:30
15,UTC+01:00
16,UTC-04:00
17,UTC+04:30
18,UTC-04:00
19,UTC+03:00
20,UTC-11:00
21,UTC+01:00
22,UTC+06:00
23,UTC+01:00
24,UTC+01:00
25,UTC+03:00
25,UTC+04:00
25,UTC+06:00
25,UTC+07:00
25,UTC+08:00
25,UTC+09:00
25,UTC+10:00
25,UTC+11:00
25,UTC+12:00
26,UTC+05:45
27,UTC
28,UTC+03:00
29,UTC+03:00
30,UTC-09:00
30,UTC-09:30
30,UTC-10:00
31,UTC+03:00
32,UTC+02:00
33,UTC-04:00
34,UTC-04:00
35,UTC+00:00
36,UTC+02:00
37,UTC+01:00
38,UTC
39,UTC+02:00
40,UTC+02:00
41,UTC+01:00
42,UTC+10:00
43,UTC+03:00
44,UTC+10:00
45,UTC+01:00
46,UTC+12:00
47,UTC-11:00
48,UTC
48,UTC+01:00
49,UTC+06:00
50,UTC+01:00
51,UTC
52,UTC+13:00
53,UTC+02:00
54,UTC-05:00
55,UTC+07:00
56,UTC+03:00
57,UTC+08:00
58,UTC-08:00
59,UTC+01:00
60,UTC+04:00
61,UTC+04:00
62,UTC+02:00
63,UTC+04:00
64,UTC+06:30
65,UTC-06:00
66,UTC+12:00
66,UTC+13:00
66,UTC+14:00
67,UTC+03:00
68,UTC+03:00
69,UTC+03:30
70,UTC+10:00
70,UTC+11:00
71,UTC+01:00
72,UTC+07:00
72,UTC+08:00
73,UTC+02:00
74,UTC-10:00
74,UTC-11:00
74,UTC+12:00
74,UTC+12:45
74,UTC+13:00
75,UTC+02:00
76,UTC+03:00
77,UTC-04:00
78,UTC-04:00
79,UTC+00:00
80,UTC+00:00
81,UTC-04:00
82,UTC+12:00
83,UTC+05:30
84,UTC+01:00
85,UTC-04:00
86,UTC+01:00
86,UTC+02:00
87,UTC+01:00
88,UTC+09:00
89,UTC
90,UTC+05:00
91,UTC+01:00
92,UTC
93,UTC+01:00
94,UTC+07:00
95,UTC+01:00
96,UTC+02:00
97,UTC+02:00
98,UTC-04:00
99,UTC-04:00
100,UTC+02:00
101,UTC+01:00
102,UTC+05:00
103,UTC+01:00
104,UTC-05:00
105,UTC-05:00
106,UTC+02:00
107,UTC-04:00
108,UTC+00:00
109,UTC+04:00
110,UTC+03:00
111,UTC-04:00
112,UTC+01:00
113,UTC+01:00
114,UTC+06:00
115,UTC+12:00
116,UTC-01:00
116,UTC-03:00
116,UTC-04:00
116,UTC+00:00
117,UTC-01:00
118,UTC+05:00
119,UTC+01:00
120,UTC+06:00
121,UTC+08:00
122,UTC+01:00
123,UTC+01:00
124,UTC+02:00
125,UTC-04:00
125,UTC-06:00
126,UTC
127,UTC
128,UTC+02:00
129,UTC-02:00
129,UTC-03:00
129,UTC-04:00
129,UTC-05:00
130,UTC+03:00
131,UTC-04:00
132,UTC+02:00
133,UTC
134,UTC+07:00
135,UTC-04:00
136,UTC+11:30
137,UTC-03:30
137,UTC-04:00
137,UTC-05:00
137,UTC-06:00
137,UTC-07:00
137,UTC-08:00
138,UTC+05:00
139,UTC-04:00
140,UTC+05:00
140,UTC+06:00
141,UTC+07:00
141,UTC+08:00
141,UTC+09:00
142,UTC+01:00
143,UTC+00:00
144,UTC+03:00
145,UTC-04:00
146,UTC+02:00
147,UTC-04:00
148,UTC-06:00
149,UTC-03:00
150,UTC-03:00
151,UTC+03:00
152,UTC+05:00
153,UTC+13:00
154,UTC+02:00
155,UTC+01:00
156,UTC+01:00
157,UTC+00:00
158,UTC+02:00
159,UTC-04:00
160,UTC+11:00
161,UTC
161,UTC-01:00
162,UTC+08:00
163,UTC+08:00
164,UTC
164,UTC-01:00
164,UTC-03:00
164,UTC-04:00
164,UTC+01:00
165,UTC
166,UTC-04:00
167,UTC-04:00
168,UTC
169,UTC+08:00
170,UTC-06:00
171,UTC
172,UTC+01:00
173,UTC+02:00
174,UTC+04:00
175,UTC+02:00
176,UTC-04:00
177,UTC-03:00
178,UTC+04:00
179,UTC+02:00
180,UTC+02:00
181,UTC+01:00
182,UTC+03:00
183,UTC+01:00
184,UTC+10:00
185,UTC+09:00
186,UTC+01:00
187,UTC+01:00
188,UTC+01:00
189,UTC+03:00
190,UTC+05:00
191,UTC+09:00
192,UTC+01:00
193,UTC
194,UTC-04:00
195,UTC+08:00
196,UTC+03:00
197,UTC+04:00
198,UTC+02:00
199,UTC+01:00
200,UTC-04:00
201,UTC+03:00
202,UTC+01:00
203,UTC-03:00
203,UTC-04:00
203,UTC-08:00
203,UTC-09:00
203,UTC-09:30
203,UTC-10:00
203,UTC+01:00
203,UTC+02:00
203,UTC+03:00
203,UTC+04:00
203,UTC+05:00
203,UTC+10:00
203,UTC+11:00
203,UTC+12:00
204,UTC+01:00
205,UTC-06:00
206,UTC+01:00
207,UTC-03:00
208,UTC+01:00
209,UTC+05:00
209,UTC+06:30
209,UTC+07:00
209,UTC+08:00
209,UTC+09:30
209,UTC+10:00
209,UTC+10:30
209,UTC+11:30
210,UTC
211,UTC
212,UTC-04:00
213,UTC-06:00
214,UTC+02:00
215,UTC-05:00
216,UTC+04:00
217,UTC+01:00
218,UTC+01:00
219,UTC
220,UTC+09:00
221,UTC+01:00
222,UTC-06:00
223,UTC-04:00
224,UTC+03:00
225,UTC+09:00
226,UTC+03:00
227,UTC+03:00
228,UTC-04:00
229,UTC-05:00
230,UTC-03:00
231,UTC+02:00
232,UTC+03:00
233,UTC-05:00
234,UTC-10:00
235,UTC-03:00
235,UTC+03:00
235,UTC+05:00
235,UTC+06:00
235,UTC+07:00
235,UTC+08:00
235,UTC+10:00
235,UTC+12:00
236,UTC+01:00
237,UTC+05:30
238,UTC-04:00
239,UTC-05:00
240,UTC+01:00
241,UTC+07:00
242,UTC+05:00
243,UTC+08:00
244,UTC-06:00
244,UTC-07:00
244,UTC-08:00
245,UTC+11:00
246,UTC+11:00
247,UTC+01:00
248,UTC+12:00
249,UTC+13:00
250,UTC+08:00
251,UTC+12:00
252,UTC-05:00
253,UTC-10:00
253,UTC-11:00
253,UTC+12:00